Filename, Parameters, Label, AvgVelocity, AvgAcceleration, KineticEnergy, PathLength, RsdVelocity, RsdAcceleration
nn_generat_params_log1_6.txt,Parameter_1,With NN,0.002515,0.000269,0.000016,0.806786, 1.58%, 1.56%
nn_generat_params_log1_6.txt,Parameter_2,With NN,0.002930,0.000221,0.000028,0.792049, 1.78%, 1.86%
nn_generat_params_log1_6.txt,Parameter_3,With NN,0.002164,0.000204,0.000014,0.630129, 1.70%, 1.62%
nn_generat_params_log1_6.txt,Parameter_4,With NN,0.002444,0.000178,0.000013,0.673032, 1.47%, 1.85%
nn_generat_params_log1_6.txt,Parameter_5,With NN,0.002335,0.000148,0.000016,0.665319, 1.44%, 1.57%
nn_generat_params_log1_6.txt,Parameter_6,With NN,0.001573,0.000181,0.000008,0.481665, 1.74%, 1.85%
nn_generat_params_log1_6.txt,Parameter_7,With NN,0.002066,0.000207,0.000017,0.646895, 2.00%, 2.44%
nn_generat_params_log1_6.txt,Parameter_8,With NN,0.001887,0.000221,0.000010,0.585893, 1.64%, 1.86%
nn_generat_params_log1_6.txt,Parameter_9,With NN,0.001406,0.000151,0.000004,0.435389, 1.42%, 1.64%
nn_generat_params_log1_6.txt,Parameter_10,With NN,0.001607,0.000122,0.000007,0.461058, 1.39%, 1.76%
nn_generat_params_log1_6.txt,Parameter_11,With NN,0.002911,0.000220,0.000024,0.819357, 1.48%, 1.70%
nn_generat_params_log1_6.txt,Parameter_12,With NN,0.001474,0.000149,0.000004,0.471805, 1.38%, 1.56%
nn_generat_params_log1_6.txt,Parameter_13,With NN,0.002225,0.000172,0.000018,0.662871, 1.77%, 1.48%
nn_generat_params_log1_6.txt,Parameter_14,With NN,0.002002,0.000197,0.000010,0.606536, 1.58%, 1.85%
nn_generat_params_log1_6.txt,Parameter_15,With NN,0.001780,0.000206,0.000009,0.563472, 1.64%, 1.46%
nn_generat_params_log1_6.txt,Parameter_16,With NN,0.001731,0.000115,0.000011,0.447665, 1.69%, 1.87%
nn_generat_params_log1_6.txt,Parameter_17,With NN,0.001911,0.000213,0.000012,0.598928, 1.73%, 1.85%
nn_generat_params_log1_6.txt,Parameter_18,With NN,0.001306,0.000158,0.000005,0.419376, 1.75%, 1.90%
nn_generat_params_log1_6.txt,Parameter_19,With NN,0.002370,0.000186,0.000014,0.620429, 1.53%, 1.41%
nn_generat_params_log1_6.txt,Parameter_20,With NN,0.002698,0.000323,0.000017,0.787708, 1.50%, 1.52%
nn_generat_params_log1_6.txt,Parameter_21,With NN,0.001418,0.000106,0.000005,0.427494, 1.39%, 1.54%
nn_generat_params_log1_6.txt,Parameter_22,With NN,0.001649,0.000205,0.000008,0.482641, 1.67%, 2.00%
nn_generat_params_log1_6.txt,Parameter_23,With NN,0.002269,0.000262,0.000013,0.664637, 1.58%, 1.59%
nn_generat_params_log1_6.txt,Parameter_24,With NN,0.002006,0.000177,0.000010,0.613397, 1.34%, 1.46%
nn_generat_params_log1_6.txt,Parameter_25,With NN,0.001339,0.000129,0.000007,0.418111, 1.89%, 1.69%
nn_generat_params_log1_6.txt,Parameter_26,With NN,0.001627,0.000227,0.000013,0.571851, 2.21%, 2.25%
nn_generat_params_log1_6.txt,Parameter_27,With NN,0.002931,0.000204,0.000017,0.803324, 1.17%, 1.39%
nn_generat_params_log1_6.txt,Parameter_28,With NN,0.002344,0.000257,0.000020,0.695007, 1.89%, 2.21%
nn_generat_params_log1_6.txt,Parameter_29,With NN,0.001026,0.000154,0.000002,0.337420, 1.51%, 1.53%
nn_generat_params_log1_6.txt,Parameter_30,With NN,0.001724,0.000166,0.000009,0.520464, 1.61%, 1.66%
nn_generat_params_log1_6.txt,Parameter_31,With NN,0.003530,0.000234,0.000033,0.971544, 1.58%, 1.72%
nn_generat_params_log1_6.txt,Parameter_32,With NN,0.002143,0.000220,0.000012,0.602510, 1.54%, 2.02%
nn_generat_params_log1_6.txt,Parameter_33,With NN,0.001295,0.000149,0.000003,0.401173, 1.25%, 1.48%
nn_generat_params_log1_6.txt,Parameter_34,With NN,0.001301,0.000180,0.000005,0.445436, 1.78%, 1.82%
nn_generat_params_log1_6.txt,Parameter_35,With NN,0.001118,0.000124,0.000004,0.336273, 1.68%, 2.07%
nn_generat_params_log1_6.txt,Parameter_36,With NN,0.002192,0.000184,0.000010,0.627865, 1.45%, 1.55%
nn_generat_params_log1_6.txt,Parameter_37,With NN,0.001917,0.000190,0.000012,0.558309, 1.64%, 1.66%
nn_generat_params_log1_6.txt,Parameter_38,With NN,0.001667,0.000192,0.000009,0.519720, 1.65%, 1.49%
nn_generat_params_log1_6.txt,Parameter_39,With NN,0.002828,0.000264,0.000023,0.785443, 1.67%, 2.22%
nn_generat_params_log1_6.txt,Parameter_40,With NN,0.002085,0.000233,0.000013,0.582002, 1.70%, 1.69%
nn_generat_params_log1_6.txt,Parameter_41,With NN,0.001388,0.000129,0.000003,0.432008, 1.03%, 1.42%
nn_generat_params_log1_6.txt,Parameter_42,With NN,0.001479,0.000201,0.000010,0.482950, 2.09%, 2.08%
nn_generat_params_log1_6.txt,Parameter_43,With NN,0.002448,0.000228,0.000016,0.679936, 1.64%, 1.73%
nn_generat_params_log1_6.txt,Parameter_44,With NN,0.003169,0.000261,0.000025,0.857430, 1.58%, 1.62%
nn_generat_params_log1_6.txt,Parameter_45,With NN,0.002022,0.000202,0.000013,0.585208, 1.73%, 1.71%
nn_generat_params_log1_6.txt,Parameter_46,With NN,0.001330,0.000112,0.000004,0.432294, 1.41%, 1.62%
nn_generat_params_log1_6.txt,Parameter_47,With NN,0.001959,0.000294,0.000012,0.622197, 1.76%, 1.78%
nn_generat_params_log1_6.txt,Parameter_48,With NN,0.002521,0.000183,0.000015,0.691480, 1.52%, 1.28%
nn_generat_params_log1_6.txt,Parameter_49,With NN,0.001476,0.000139,0.000006,0.527292, 1.54%, 1.56%
nn_generat_params_log1_6.txt,Parameter_50,With NN,0.001224,0.000129,0.000004,0.460162, 1.56%, 1.45%
nn_generat_params_log1_6.txt,Parameter_51,With NN,0.003044,0.000283,0.000019,0.815299, 1.44%, 1.35%
nn_generat_params_log1_6.txt,Parameter_52,With NN,0.002752,0.000293,0.000028,0.801587, 1.87%, 2.37%
nn_generat_params_log1_6.txt,Parameter_53,With NN,0.001475,0.000106,0.000004,0.462453, 1.08%, 1.46%
nn_generat_params_log1_6.txt,Parameter_54,With NN,0.001304,0.000144,0.000007,0.433563, 1.96%, 1.91%
nn_generat_params_log1_6.txt,Parameter_55,With NN,0.002734,0.000305,0.000022,0.818786, 1.62%, 1.96%
nn_generat_params_log1_6.txt,Parameter_56,With NN,0.002432,0.000197,0.000011,0.673912, 1.14%, 1.40%
nn_generat_params_log1_6.txt,Parameter_57,With NN,0.001236,0.000134,0.000007,0.418024, 1.98%, 1.61%
nn_generat_params_log1_6.txt,Parameter_58,With NN,0.001334,0.000166,0.000005,0.406614, 1.58%, 1.76%
nn_generat_params_log1_6.txt,Parameter_59,With NN,0.002448,0.000182,0.000017,0.675572, 1.48%, 1.40%
nn_generat_params_log1_6.txt,Parameter_60,With NN,0.001923,0.000228,0.000010,0.567842, 1.59%, 1.85%
nn_generat_params_log1_6.txt,Parameter_61,With NN,0.001510,0.000209,0.000008,0.431772, 1.80%, 1.57%
nn_generat_params_log1_6.txt,Parameter_62,With NN,0.001906,0.000174,0.000007,0.587129, 1.36%, 1.79%
nn_generat_params_log1_6.txt,Parameter_63,With NN,0.002229,0.000190,0.000014,0.650893, 1.61%, 2.20%
nn_generat_params_log1_6.txt,Parameter_64,With NN,0.002694,0.000317,0.000029,0.806900, 1.98%, 2.01%
nn_generat_params_log1_6.txt,Parameter_65,With NN,0.001568,0.000175,0.000013,0.464841, 2.28%, 1.95%
nn_generat_params_log1_6.txt,Parameter_66,With NN,0.001742,0.000143,0.000009,0.509793, 1.69%, 1.78%
nn_generat_params_log1_6.txt,Parameter_67,With NN,0.003210,0.000217,0.000027,0.869409, 1.62%, 1.58%
nn_generat_params_log1_6.txt,Parameter_68,With NN,0.002311,0.000239,0.000017,0.642835, 1.76%, 1.51%
nn_generat_params_log1_6.txt,Parameter_69,With NN,0.001902,0.000145,0.000010,0.605282, 1.61%, 1.82%
nn_generat_params_log1_6.txt,Parameter_70,With NN,0.001425,0.000134,0.000005,0.392438, 1.33%, 1.67%
nn_generat_params_log1_6.txt,Parameter_71,With NN,0.002449,0.000247,0.000017,0.709819, 1.64%, 1.73%
nn_generat_params_log1_6.txt,Parameter_72,With NN,0.001640,0.000181,0.000009,0.457424, 1.68%, 1.63%
nn_generat_params_log1_6.txt,Parameter_73,With NN,0.002244,0.000219,0.000019,0.705102, 1.88%, 2.24%
nn_generat_params_log1_6.txt,Parameter_74,With NN,0.002027,0.000233,0.000021,0.629215, 2.21%, 2.16%
nn_generat_params_log1_6.txt,Parameter_75,With NN,0.003120,0.000233,0.000028,0.878665, 1.54%, 1.65%
nn_generat_params_log1_6.txt,Parameter_76,With NN,0.001662,0.000137,0.000006,0.491195, 1.48%, 1.77%
nn_generat_params_log1_6.txt,Parameter_77,With NN,0.001782,0.000189,0.000010,0.569229, 1.74%, 1.54%
nn_generat_params_log1_6.txt,Parameter_78,With NN,0.001942,0.000142,0.000008,0.613407, 1.43%, 1.76%
nn_generat_params_log1_6.txt,Parameter_79,With NN,0.001925,0.000190,0.000009,0.643593, 1.50%, 1.73%
nn_generat_params_log1_6.txt,Parameter_80,With NN,0.002631,0.000176,0.000030,0.746840, 1.85%, 1.87%
nn_generat_params_log1_6.txt,Parameter_81,With NN,0.002375,0.000168,0.000026,0.688316, 1.89%, 2.29%
nn_generat_params_log1_6.txt,Parameter_82,With NN,0.001564,0.000186,0.000013,0.486568, 2.28%, 2.26%
nn_generat_params_log1_6.txt,Parameter_83,With NN,0.002920,0.000126,0.000034,0.785598, 1.77%, 1.40%
nn_generat_params_log1_6.txt,Parameter_84,With NN,0.001993,0.000244,0.000023,0.608564, 2.34%, 2.50%
nn_generat_params_log1_6.txt,Parameter_85,With NN,0.001621,0.000148,0.000010,0.495002, 1.90%, 1.88%
nn_generat_params_log1_6.txt,Parameter_86,With NN,0.001545,0.000138,0.000007,0.497381, 1.62%, 1.62%
nn_generat_params_log1_6.txt,Parameter_87,With NN,0.002096,0.000136,0.000014,0.631586, 1.66%, 2.22%
nn_generat_params_log1_6.txt,Parameter_88,With NN,0.002253,0.000163,0.000015,0.609371, 1.56%, 1.91%
nn_generat_params_log1_6.txt,Parameter_89,With NN,0.001902,0.000186,0.000009,0.573701, 1.47%, 1.66%
nn_generat_params_log1_6.txt,Parameter_90,With NN,0.002314,0.000226,0.000014,0.709222, 1.59%, 2.15%
nn_generat_params_log1_6.txt,Parameter_91,With NN,0.002633,0.000252,0.000015,0.781931, 1.48%, 1.91%
nn_generat_params_log1_6.txt,Parameter_92,With NN,0.003340,0.000180,0.000028,0.861805, 1.23%, 1.52%
nn_generat_params_log1_6.txt,Parameter_93,With NN,0.001643,0.000229,0.000010,0.574833, 1.90%, 1.90%
nn_generat_params_log1_6.txt,Parameter_94,With NN,0.001652,0.000189,0.000009,0.512345, 1.76%, 1.91%
nn_generat_params_log1_6.txt,Parameter_95,With NN,0.002590,0.000184,0.000020,0.683310, 1.72%, 1.80%
nn_generat_params_log1_6.txt,Parameter_96,With NN,0.003383,0.000278,0.000036,0.962121, 1.72%, 2.01%
nn_generat_params_log1_6.txt,Parameter_97,With NN,0.001200,0.000146,0.000004,0.440815, 1.64%, 1.73%
nn_generat_params_log1_6.txt,Parameter_98,With NN,0.001554,0.000150,0.000007,0.465849, 1.57%, 2.20%
nn_generat_params_log1_6.txt,Parameter_99,With NN,0.002320,0.000186,0.000012,0.620461, 1.47%, 1.60%
nn_generat_params_log1_6.txt,Parameter_100,With NN,0.002260,0.000159,0.000012,0.704962, 1.44%, 1.66%
nn_generat_params_log1_6.txt,Parameter_101,With NN,0.002633,0.000245,0.000025,0.726647, 1.85%, 2.13%
nn_generat_params_log1_6.txt,Parameter_102,With NN,0.001550,0.000224,0.000010,0.499946, 1.98%, 2.08%
nn_generat_params_log1_6.txt,Parameter_103,With NN,0.001765,0.000185,0.000012,0.470731, 1.96%, 1.74%
nn_generat_params_log1_6.txt,Parameter_104,With NN,0.002936,0.000239,0.000019,0.809574, 1.38%, 1.74%
nn_generat_params_log1_6.txt,Parameter_105,With NN,0.003203,0.000303,0.000029,0.900346, 1.68%, 2.07%
nn_generat_params_log1_6.txt,Parameter_106,With NN,0.002293,0.000228,0.000029,0.719858, 2.18%, 2.07%
nn_generat_params_log1_6.txt,Parameter_107,With NN,0.002790,0.000261,0.000024,0.778144, 1.75%, 2.08%
nn_generat_params_log1_6.txt,Parameter_108,With NN,0.002120,0.000209,0.000016,0.601965, 1.87%, 1.90%
nn_generat_params_log1_6.txt,Parameter_109,With NN,0.001095,0.000129,0.000005,0.406701, 2.02%, 1.71%
nn_generat_params_log1_6.txt,Parameter_110,With NN,0.001828,0.000121,0.000008,0.547037, 1.50%, 2.40%
nn_generat_params_log1_6.txt,Parameter_111,With NN,0.002017,0.000169,0.000019,0.570641, 2.12%, 2.34%
nn_generat_params_log1_6.txt,Parameter_112,With NN,0.001939,0.000175,0.000013,0.583422, 1.70%, 2.01%
nn_generat_params_log1_6.txt,Parameter_113,With NN,0.001527,0.000186,0.000004,0.452274, 1.38%, 1.68%
nn_generat_params_log1_6.txt,Parameter_114,With NN,0.001719,0.000188,0.000012,0.573462, 1.97%, 2.13%
nn_generat_params_log1_6.txt,Parameter_115,With NN,0.002610,0.000248,0.000017,0.722595, 1.54%, 1.59%
nn_generat_params_log1_6.txt,Parameter_116,With NN,0.002826,0.000275,0.000025,0.770420, 1.74%, 1.96%
nn_generat_params_log1_6.txt,Parameter_117,With NN,0.001226,0.000107,0.000004,0.357111, 1.62%, 1.57%
nn_generat_params_log1_6.txt,Parameter_118,With NN,0.000858,0.000104,0.000003,0.281783, 2.10%, 1.95%
nn_generat_params_log1_6.txt,Parameter_119,With NN,0.002893,0.000304,0.000025,0.812800, 1.71%, 1.67%
nn_generat_params_log1_6.txt,Parameter_120,With NN,0.002523,0.000185,0.000014,0.649566, 1.43%, 1.41%
nn_generat_params_log1_6.txt,Parameter_121,With NN,0.001555,0.000167,0.000007,0.430081, 1.65%, 1.78%
nn_generat_params_log1_6.txt,Parameter_122,With NN,0.001386,0.000181,0.000004,0.411812, 1.41%, 1.60%
nn_generat_params_log1_6.txt,Parameter_123,With NN,0.002750,0.000194,0.000035,0.800601, 1.99%, 1.77%
nn_generat_params_log1_6.txt,Parameter_124,With NN,0.002276,0.000171,0.000016,0.655334, 1.71%, 1.58%
nn_generat_params_log1_6.txt,Parameter_125,With NN,0.001489,0.000139,0.000005,0.510066, 1.40%, 1.85%
nn_generat_params_log1_6.txt,Parameter_126,With NN,0.001945,0.000156,0.000006,0.544275, 1.26%, 1.74%
nn_generat_params_log1_6.txt,Parameter_127,With NN,0.003271,0.000186,0.000039,0.920985, 1.72%, 2.17%
nn_generat_params_log1_6.txt,Parameter_128,With NN,0.002040,0.000123,0.000012,0.524024, 1.57%, 1.53%
nn_generat_params_log1_6.txt,Parameter_129,With NN,0.001901,0.000157,0.000008,0.520376, 1.48%, 1.70%
nn_generat_params_log1_6.txt,Parameter_130,With NN,0.001953,0.000154,0.000010,0.582374, 1.64%, 1.85%
nn_generat_params_log1_6.txt,Parameter_131,With NN,0.003048,0.000203,0.000037,0.842398, 1.84%, 1.43%
nn_generat_params_log1_6.txt,Parameter_132,With NN,0.002057,0.000250,0.000014,0.623074, 1.74%, 1.74%
nn_generat_params_log1_6.txt,Parameter_133,With NN,0.001872,0.000133,0.000010,0.527649, 1.50%, 1.69%
nn_generat_params_log1_6.txt,Parameter_134,With NN,0.001703,0.000222,0.000010,0.543157, 1.76%, 1.92%
nn_generat_params_log1_6.txt,Parameter_135,With NN,0.002441,0.000171,0.000021,0.668818, 1.66%, 1.90%
nn_generat_params_log1_6.txt,Parameter_136,With NN,0.003058,0.000208,0.000023,0.848106, 1.38%, 1.65%
nn_generat_params_log1_6.txt,Parameter_137,With NN,0.001683,0.000142,0.000007,0.552583, 1.53%, 1.57%
nn_generat_params_log1_6.txt,Parameter_138,With NN,0.001341,0.000150,0.000005,0.496311, 1.53%, 1.69%
nn_generat_params_log1_6.txt,Parameter_139,With NN,0.002408,0.000179,0.000014,0.663851, 1.37%, 1.70%
nn_generat_params_log1_6.txt,Parameter_140,With NN,0.003198,0.000224,0.000036,0.881855, 1.88%, 1.82%
nn_generat_params_log1_6.txt,Parameter_141,With NN,0.002779,0.000288,0.000026,0.839379, 1.85%, 2.16%
nn_generat_params_log1_6.txt,Parameter_142,With NN,0.001929,0.000198,0.000010,0.574513, 1.63%, 1.72%
nn_generat_params_log1_6.txt,Parameter_143,With NN,0.003314,0.000279,0.000023,0.924346, 1.42%, 1.74%
nn_generat_params_log1_6.txt,Parameter_144,With NN,0.002331,0.000282,0.000014,0.696169, 1.58%, 1.65%
nn_generat_params_log1_6.txt,Parameter_145,With NN,0.000879,0.000110,0.000002,0.386721, 1.73%, 1.81%
nn_generat_params_log1_6.txt,Parameter_146,With NN,0.002197,0.000187,0.000012,0.679518, 1.41%, 1.63%
nn_generat_params_log1_6.txt,Parameter_147,With NN,0.003011,0.000274,0.000019,0.811986, 1.37%, 1.66%
nn_generat_params_log1_6.txt,Parameter_148,With NN,0.001966,0.000206,0.000008,0.523083, 1.23%, 1.37%
nn_generat_params_log1_6.txt,Parameter_149,With NN,0.001983,0.000184,0.000014,0.575033, 1.76%, 1.63%
nn_generat_params_log1_6.txt,Parameter_150,With NN,0.001148,0.000170,0.000004,0.432083, 1.70%, 1.69%
nn_generat_params_log1_6.txt,Parameter_151,With NN,0.002012,0.000230,0.000009,0.581338, 1.45%, 1.62%
nn_generat_params_log1_6.txt,Parameter_152,With NN,0.002364,0.000245,0.000011,0.648615, 1.42%, 1.53%
nn_generat_params_log1_6.txt,Parameter_153,With NN,0.000943,0.000126,0.000002,0.363615, 1.40%, 1.45%
nn_generat_params_log1_6.txt,Parameter_154,With NN,0.001607,0.000129,0.000006,0.448607, 1.31%, 1.65%
nn_generat_params_log1_6.txt,Parameter_155,With NN,0.001867,0.000190,0.000009,0.566041, 1.59%, 1.95%
nn_generat_params_log1_6.txt,Parameter_156,With NN,0.002617,0.000215,0.000026,0.758650, 1.95%, 2.10%
nn_generat_params_log1_6.txt,Parameter_157,With NN,0.001742,0.000193,0.000008,0.537211, 1.47%, 1.49%
nn_generat_params_log1_6.txt,Parameter_158,With NN,0.001614,0.000143,0.000006,0.482244, 1.46%, 1.72%
nn_generat_params_log1_6.txt,Parameter_159,With NN,0.001530,0.000153,0.000005,0.429681, 1.41%, 1.29%
nn_generat_params_log1_6.txt,Parameter_160,With NN,0.001867,0.000157,0.000010,0.531555, 1.57%, 1.75%
nn_generat_params_log1_6.txt,Parameter_161,With NN,0.001734,0.000150,0.000011,0.490068, 1.71%, 1.80%
nn_generat_params_log1_6.txt,Parameter_162,With NN,0.001877,0.000206,0.000007,0.559538, 1.36%, 1.42%
nn_generat_params_log1_6.txt,Parameter_163,With NN,0.002185,0.000271,0.000012,0.681174, 1.51%, 1.50%
nn_generat_params_log1_6.txt,Parameter_164,With NN,0.002089,0.000297,0.000013,0.678183, 1.75%, 1.77%
nn_generat_params_log1_6.txt,Parameter_165,With NN,0.001608,0.000128,0.000005,0.567558, 1.22%, 1.75%
nn_generat_params_log1_6.txt,Parameter_166,With NN,0.001807,0.000191,0.000012,0.571298, 1.91%, 1.96%
nn_generat_params_log1_6.txt,Parameter_167,With NN,0.002942,0.000254,0.000049,0.854283, 2.30%, 2.54%
nn_generat_params_log1_6.txt,Parameter_168,With NN,0.002865,0.000130,0.000033,0.775095, 1.88%, 1.52%
nn_generat_params_log1_6.txt,Parameter_169,With NN,0.001577,0.000166,0.000007,0.559707, 1.61%, 1.90%
nn_generat_params_log1_6.txt,Parameter_170,With NN,0.001819,0.000201,0.000010,0.557433, 1.76%, 1.48%
nn_generat_params_log1_6.txt,Parameter_171,With NN,0.001351,0.000192,0.000004,0.464808, 1.53%, 1.32%
nn_generat_params_log1_6.txt,Parameter_172,With NN,0.003599,0.000261,0.000032,1.059572, 1.50%, 1.42%
nn_generat_params_log1_6.txt,Parameter_173,With NN,0.001549,0.000109,0.000004,0.474759, 1.23%, 1.70%
nn_generat_params_log1_6.txt,Parameter_174,With NN,0.002079,0.000191,0.000015,0.602959, 1.77%, 1.75%
nn_generat_params_log1_6.txt,Parameter_175,With NN,0.002547,0.000248,0.000015,0.749884, 1.49%, 1.68%
nn_generat_params_log1_6.txt,Parameter_176,With NN,0.002679,0.000214,0.000017,0.729117, 1.34%, 1.53%
nn_generat_params_log1_6.txt,Parameter_177,With NN,0.001614,0.000155,0.000009,0.574571, 1.88%, 2.20%
nn_generat_params_log1_6.txt,Parameter_178,With NN,0.001062,0.000110,0.000002,0.328346, 1.44%, 1.49%
nn_generat_params_log1_6.txt,Parameter_179,With NN,0.003614,0.000330,0.000032,0.977734, 1.57%, 1.56%
nn_generat_params_log1_6.txt,Parameter_180,With NN,0.001790,0.000158,0.000005,0.580268, 1.07%, 1.35%
nn_generat_params_log1_6.txt,Parameter_181,With NN,0.001579,0.000168,0.000008,0.565684, 1.72%, 1.60%
nn_generat_params_log1_6.txt,Parameter_182,With NN,0.001224,0.000114,0.000002,0.389958, 1.15%, 1.44%
nn_generat_params_log1_6.txt,Parameter_183,With NN,0.002370,0.000311,0.000013,0.683495, 1.53%, 1.68%
nn_generat_params_log1_6.txt,Parameter_184,With NN,0.002408,0.000263,0.000015,0.723331, 1.63%, 1.76%
nn_generat_params_log1_6.txt,Parameter_185,With NN,0.001282,0.000106,0.000005,0.385269, 1.57%, 1.65%
nn_generat_params_log1_6.txt,Parameter_186,With NN,0.001935,0.000202,0.000011,0.577710, 1.61%, 1.55%
nn_generat_params_log1_6.txt,Parameter_187,With NN,0.001729,0.000149,0.000007,0.505782, 1.48%, 1.76%
nn_generat_params_log1_6.txt,Parameter_188,With NN,0.001790,0.000190,0.000011,0.539502, 1.87%, 1.76%
nn_generat_params_log1_6.txt,Parameter_189,With NN,0.002363,0.000214,0.000013,0.741403, 1.52%, 1.67%
nn_generat_params_log1_6.txt,Parameter_190,With NN,0.002071,0.000224,0.000010,0.632019, 1.52%, 1.63%
nn_generat_params_log1_6.txt,Parameter_191,With NN,0.001986,0.000163,0.000007,0.598995, 1.13%, 1.68%
nn_generat_params_log1_6.txt,Parameter_192,With NN,0.001990,0.000210,0.000009,0.567981, 1.53%, 1.82%
nn_generat_params_log1_6.txt,Parameter_193,With NN,0.002456,0.000192,0.000030,0.692538, 2.23%, 2.08%
nn_generat_params_log1_6.txt,Parameter_194,With NN,0.001237,0.000149,0.000005,0.460060, 1.64%, 1.84%
nn_generat_params_log1_6.txt,Parameter_195,With NN,0.002547,0.000192,0.000024,0.745563, 1.64%, 1.66%
nn_generat_params_log1_6.txt,Parameter_196,With NN,0.002578,0.000246,0.000015,0.738899, 1.46%, 1.33%
nn_generat_params_log1_6.txt,Parameter_197,With NN,0.002324,0.000231,0.000017,0.658928, 1.77%, 1.70%
nn_generat_params_log1_6.txt,Parameter_198,With NN,0.001905,0.000223,0.000010,0.591990, 1.58%, 1.57%
nn_generat_params_log1_6.txt,Parameter_199,With NN,0.001740,0.000191,0.000007,0.492953, 1.48%, 1.44%
nn_generat_params_log1_6.txt,Parameter_200,With NN,0.002459,0.000113,0.000030,0.697313, 2.05%, 1.79%
nn_generat_params_log1_6.txt,Parameter_201,With NN,0.002013,0.000272,0.000012,0.586351, 1.71%, 1.83%
nn_generat_params_log1_6.txt,Parameter_202,With NN,0.001999,0.000186,0.000013,0.598072, 1.73%, 1.76%
nn_generat_params_log1_6.txt,Parameter_203,With NN,0.002069,0.000151,0.000009,0.593958, 1.44%, 1.50%
nn_generat_params_log1_6.txt,Parameter_204,With NN,0.002039,0.000141,0.000013,0.631041, 1.59%, 2.11%
nn_generat_params_log1_6.txt,Parameter_205,With NN,0.002044,0.000183,0.000015,0.600783, 1.87%, 2.17%
nn_generat_params_log1_6.txt,Parameter_206,With NN,0.001735,0.000187,0.000009,0.581789, 1.68%, 1.68%
nn_generat_params_log1_6.txt,Parameter_207,With NN,0.003103,0.000215,0.000023,0.884258, 1.55%, 1.50%
nn_generat_params_log1_6.txt,Parameter_208,With NN,0.003134,0.000157,0.000023,0.812214, 1.40%, 1.22%
nn_generat_params_log1_6.txt,Parameter_209,With NN,0.001331,0.000166,0.000004,0.462144, 1.54%, 1.61%
nn_generat_params_log1_6.txt,Parameter_210,With NN,0.002923,0.000220,0.000018,0.827838, 1.32%, 1.75%
nn_generat_params_log1_6.txt,Parameter_211,With NN,0.002671,0.000228,0.000018,0.754648, 1.45%, 1.59%
nn_generat_params_log1_6.txt,Parameter_212,With NN,0.002686,0.000220,0.000018,0.757385, 1.56%, 1.62%
nn_generat_params_log1_6.txt,Parameter_213,With NN,0.002230,0.000244,0.000012,0.625320, 1.34%, 1.75%
nn_generat_params_log1_6.txt,Parameter_214,With NN,0.001911,0.000239,0.000011,0.641704, 1.67%, 1.59%
nn_generat_params_log1_6.txt,Parameter_215,With NN,0.001879,0.000147,0.000014,0.553180, 1.99%, 1.65%
nn_generat_params_log1_6.txt,Parameter_216,With NN,0.003785,0.000156,0.000052,1.047242, 1.67%, 1.74%
nn_generat_params_log1_6.txt,Parameter_217,With NN,0.003170,0.000228,0.000031,0.900878, 1.74%, 2.05%
nn_generat_params_log1_6.txt,Parameter_218,With NN,0.002441,0.000151,0.000011,0.654253, 1.10%, 1.88%
nn_generat_params_log1_6.txt,Parameter_219,With NN,0.001885,0.000087,0.000010,0.502617, 1.60%, 1.37%
nn_generat_params_log1_6.txt,Parameter_220,With NN,0.002967,0.000137,0.000029,0.813944, 1.64%, 1.27%
nn_generat_params_log1_6.txt,Parameter_221,With NN,0.002228,0.000139,0.000017,0.632905, 1.56%, 1.63%
nn_generat_params_log1_6.txt,Parameter_222,With NN,0.002137,0.000241,0.000013,0.626105, 1.69%, 1.65%
nn_generat_params_log1_6.txt,Parameter_223,With NN,0.003624,0.000273,0.000031,1.016368, 1.48%, 1.98%
nn_generat_params_log1_6.txt,Parameter_224,With NN,0.003413,0.000167,0.000024,0.946102, 1.08%, 1.88%
nn_generat_params_log1_6.txt,Parameter_225,With NN,0.002559,0.000249,0.000018,0.713819, 1.58%, 1.61%
nn_generat_params_log1_6.txt,Parameter_226,With NN,0.002621,0.000306,0.000015,0.753363, 1.49%, 1.52%
nn_generat_params_log1_6.txt,Parameter_227,With NN,0.003199,0.000290,0.000036,0.881822, 1.85%, 1.79%
nn_generat_params_log1_6.txt,Parameter_228,With NN,0.002708,0.000212,0.000027,0.761613, 1.77%, 1.42%
nn_generat_params_log1_6.txt,Parameter_229,With NN,0.001848,0.000207,0.000015,0.566589, 1.96%, 2.24%
nn_generat_params_log1_6.txt,Parameter_230,With NN,0.002677,0.000223,0.000018,0.834481, 1.53%, 1.59%
nn_generat_params_log1_6.txt,Parameter_231,With NN,0.002699,0.000214,0.000015,0.828926, 1.35%, 1.68%
nn_generat_params_log1_6.txt,Parameter_232,With NN,0.002078,0.000223,0.000012,0.596727, 1.64%, 1.66%
nn_generat_params_log1_6.txt,Parameter_233,With NN,0.001557,0.000203,0.000009,0.422717, 1.86%, 1.80%
nn_generat_params_log1_6.txt,Parameter_234,With NN,0.002939,0.000226,0.000027,0.916665, 1.69%, 2.24%
nn_generat_params_log1_6.txt,Parameter_235,With NN,0.002020,0.000174,0.000017,0.584245, 1.96%, 1.64%
nn_generat_params_log1_6.txt,Parameter_236,With NN,0.003047,0.000272,0.000028,0.809334, 1.71%, 1.87%
nn_generat_params_log1_6.txt,Parameter_237,With NN,0.001676,0.000143,0.000006,0.436785, 1.29%, 1.40%
nn_generat_params_log1_6.txt,Parameter_238,With NN,0.001793,0.000191,0.000008,0.559128, 1.56%, 1.69%
nn_generat_params_log1_6.txt,Parameter_239,With NN,0.002079,0.000230,0.000012,0.599086, 1.64%, 1.48%
nn_generat_params_log1_6.txt,Parameter_240,With NN,0.002463,0.000261,0.000018,0.715117, 1.73%, 1.83%
nn_generat_params_log1_6.txt,Parameter_241,With NN,0.002653,0.000266,0.000013,0.818153, 1.36%, 1.43%
nn_generat_params_log1_6.txt,Parameter_242,With NN,0.001589,0.000168,0.000007,0.457397, 1.59%, 1.63%
nn_generat_params_log1_6.txt,Parameter_243,With NN,0.002014,0.000189,0.000011,0.604484, 1.50%, 1.54%
nn_generat_params_log1_6.txt,Parameter_244,With NN,0.002336,0.000190,0.000020,0.643716, 1.77%, 1.55%
nn_generat_params_log1_6.txt,Parameter_245,With NN,0.002827,0.000292,0.000023,0.802579, 1.58%, 1.56%
nn_generat_params_log1_6.txt,Parameter_246,With NN,0.002586,0.000199,0.000015,0.674948, 1.30%, 1.29%
nn_generat_params_log1_6.txt,Parameter_247,With NN,0.002922,0.000298,0.000018,0.840171, 1.46%, 1.83%
nn_generat_params_log1_6.txt,Parameter_248,With NN,0.002632,0.000179,0.000020,0.750569, 1.65%, 2.15%
nn_generat_params_log1_6.txt,Parameter_249,With NN,0.003133,0.000265,0.000022,0.940030, 1.46%, 1.40%
nn_generat_params_log1_6.txt,Parameter_250,With NN,0.002505,0.000231,0.000016,0.769561, 1.27%, 1.79%
nn_generat_params_log1_6.txt,Parameter_251,With NN,0.002488,0.000126,0.000017,0.674913, 1.58%, 1.51%
nn_generat_params_log1_6.txt,Parameter_252,With NN,0.001961,0.000143,0.000013,0.552356, 1.75%, 1.58%
nn_generat_params_log1_6.txt,Parameter_253,With NN,0.002922,0.000198,0.000013,0.791720, 1.20%, 1.53%
nn_generat_params_log1_6.txt,Parameter_254,With NN,0.002150,0.000220,0.000016,0.650252, 1.76%, 1.53%
nn_generat_params_log1_6.txt,Parameter_255,With NN,0.002183,0.000200,0.000014,0.638775, 1.70%, 1.88%
nn_generat_params_log1_6.txt,Parameter_256,With NN,0.001785,0.000187,0.000010,0.517763, 1.75%, 2.00%
nn_generat_params_log1_6.txt,Parameter_257,With NN,0.002143,0.000238,0.000018,0.683528, 1.96%, 1.61%
nn_generat_params_log1_6.txt,Parameter_258,With NN,0.002342,0.000225,0.000012,0.692832, 1.46%, 1.54%
nn_generat_params_log1_6.txt,Parameter_259,With NN,0.002010,0.000174,0.000010,0.533694, 1.58%, 1.61%
nn_generat_params_log1_6.txt,Parameter_260,With NN,0.001540,0.000102,0.000006,0.437703, 1.43%, 1.83%
nn_generat_params_log1_6.txt,Parameter_261,With NN,0.001856,0.000159,0.000008,0.532608, 1.45%, 1.57%
nn_generat_params_log1_6.txt,Parameter_262,With NN,0.002110,0.000223,0.000018,0.592587, 1.89%, 1.95%
nn_generat_params_log1_6.txt,Parameter_263,With NN,0.002691,0.000272,0.000019,0.795279, 1.61%, 1.57%
nn_generat_params_log1_6.txt,Parameter_264,With NN,0.001783,0.000126,0.000007,0.549050, 1.44%, 1.78%
nn_generat_params_log1_6.txt,Parameter_265,With NN,0.003668,0.000257,0.000026,1.020042, 1.38%, 1.60%
nn_generat_params_log1_6.txt,Parameter_266,With NN,0.002682,0.000175,0.000011,0.710732, 1.24%, 1.51%
nn_generat_params_log1_6.txt,Parameter_267,With NN,0.002210,0.000175,0.000015,0.584490, 1.47%, 1.71%
nn_generat_params_log1_6.txt,Parameter_268,With NN,0.002507,0.000188,0.000013,0.691854, 1.33%, 1.87%
nn_generat_params_log1_6.txt,Parameter_269,With NN,0.003696,0.000243,0.000024,0.996758, 1.18%, 1.62%
nn_generat_params_log1_6.txt,Parameter_270,With NN,0.001779,0.000180,0.000005,0.516913, 1.25%, 1.57%
nn_generat_params_log1_6.txt,Parameter_271,With NN,0.002673,0.000173,0.000020,0.735817, 1.56%, 2.08%
nn_generat_params_log1_6.txt,Parameter_272,With NN,0.003170,0.000252,0.000032,0.897335, 1.77%, 2.12%
nn_generat_params_log1_6.txt,Parameter_273,With NN,0.002878,0.000208,0.000018,0.742991, 1.43%, 1.38%
nn_generat_params_log1_6.txt,Parameter_274,With NN,0.001676,0.000140,0.000005,0.461981, 1.33%, 1.47%
nn_generat_params_log1_6.txt,Parameter_275,With NN,0.002415,0.000200,0.000010,0.656709, 1.20%, 1.50%
nn_generat_params_log1_6.txt,Parameter_276,With NN,0.003488,0.000164,0.000047,0.933558, 1.78%, 1.70%
nn_generat_params_log1_6.txt,Parameter_277,With NN,0.001932,0.000199,0.000009,0.543678, 1.57%, 1.64%
nn_generat_params_log1_6.txt,Parameter_278,With NN,0.002074,0.000125,0.000008,0.552371, 1.15%, 1.38%
nn_generat_params_log1_6.txt,Overall,With NN,0.002164,0.000195,0.000015,0.632753
,With NN_std,,0.000610,0.000050,,
,With NN_rsd,,0.28%,0.26%,,

sqc_generat_params_log1_6.txt,Parameter_1,Without NN,0.007552,0.000305,0.000103,2.570912, 1.16%, 1.79%
sqc_generat_params_log1_6.txt,Parameter_2,Without NN,0.007941,0.000263,0.000097,2.690479, 1.00%, 1.30%
sqc_generat_params_log1_6.txt,Parameter_3,Without NN,0.006842,0.000162,0.000070,2.321545, 0.96%, 2.04%
sqc_generat_params_log1_6.txt,Parameter_4,Without NN,0.014778,0.000432,0.000367,5.000564, 1.28%, 1.60%
sqc_generat_params_log1_6.txt,Parameter_5,Without NN,0.007271,0.000215,0.000104,2.470915, 1.22%, 1.19%
sqc_generat_params_log1_6.txt,Parameter_6,Without NN,0.008332,0.000286,0.000099,2.826193, 1.12%, 1.27%
sqc_generat_params_log1_6.txt,Parameter_7,Without NN,0.006458,0.000127,0.000059,2.167900, 0.81%, 2.13%
sqc_generat_params_log1_6.txt,Parameter_8,Without NN,0.011498,0.000230,0.000211,3.895785, 1.26%, 1.20%
sqc_generat_params_log1_6.txt,Parameter_9,Without NN,0.007695,0.000117,0.000105,2.592173, 1.19%, 1.12%
sqc_generat_params_log1_6.txt,Parameter_10,Without NN,0.007123,0.000255,0.000118,2.424565, 1.35%, 1.59%
sqc_generat_params_log1_6.txt,Parameter_11,Without NN,0.006213,0.000142,0.000058,2.090370, 0.77%, 1.78%
sqc_generat_params_log1_6.txt,Parameter_12,Without NN,0.007360,0.000115,0.000133,2.493393, 1.45%, 1.69%
sqc_generat_params_log1_6.txt,Parameter_13,Without NN,0.009067,0.000145,0.000142,3.050988, 1.28%, 1.34%
sqc_generat_params_log1_6.txt,Parameter_14,Without NN,0.008509,0.000214,0.000099,2.889456, 1.10%, 1.91%
sqc_generat_params_log1_6.txt,Parameter_15,Without NN,0.009442,0.000153,0.000150,3.179052, 1.27%, 1.37%
sqc_generat_params_log1_6.txt,Parameter_16,Without NN,0.007567,0.000245,0.000091,2.568405, 1.11%, 1.47%
sqc_generat_params_log1_6.txt,Parameter_17,Without NN,0.011022,0.000386,0.000228,3.767439, 1.33%, 1.45%
sqc_generat_params_log1_6.txt,Parameter_18,Without NN,0.007908,0.000226,0.000095,2.685118, 1.11%, 1.71%
sqc_generat_params_log1_6.txt,Parameter_19,Without NN,0.006746,0.000072,0.000076,2.264720, 1.04%, 1.10%
sqc_generat_params_log1_6.txt,Parameter_20,Without NN,0.006601,0.000150,0.000077,2.224472, 1.06%, 1.27%
sqc_generat_params_log1_6.txt,Parameter_21,Without NN,0.007888,0.000125,0.000115,2.662355, 1.22%, 1.13%
sqc_generat_params_log1_6.txt,Parameter_22,Without NN,0.009811,0.000281,0.000150,3.337250, 1.10%, 1.63%
sqc_generat_params_log1_6.txt,Parameter_23,Without NN,0.005941,0.000067,0.000069,2.000000, 0.98%, 1.20%
sqc_generat_params_log1_6.txt,Parameter_24,Without NN,0.009222,0.000270,0.000136,3.121161, 1.23%, 1.32%
sqc_generat_params_log1_6.txt,Parameter_25,Without NN,0.008142,0.000157,0.000100,2.737921, 1.13%, 1.55%
sqc_generat_params_log1_6.txt,Parameter_26,Without NN,0.017755,0.000846,0.000432,6.058904, 1.17%, 1.36%
sqc_generat_params_log1_6.txt,Parameter_27,Without NN,0.006008,0.000086,0.000047,2.012013, 0.56%, 1.16%
sqc_generat_params_log1_6.txt,Parameter_28,Without NN,0.008299,0.000323,0.000106,2.810831, 1.15%, 1.23%
sqc_generat_params_log1_6.txt,Parameter_29,Without NN,0.008174,0.000223,0.000124,2.767435, 1.27%, 1.78%
sqc_generat_params_log1_6.txt,Parameter_30,Without NN,0.006219,0.000105,0.000119,2.114126, 1.50%, 1.74%
sqc_generat_params_log1_6.txt,Parameter_31,Without NN,0.010025,0.000212,0.000169,3.374175, 1.28%, 1.38%
sqc_generat_params_log1_6.txt,Parameter_32,Without NN,0.006180,0.000085,0.000060,2.074019, 0.84%, 1.22%
sqc_generat_params_log1_6.txt,Parameter_33,Without NN,0.009440,0.000149,0.000122,3.171547, 1.13%, 1.51%
sqc_generat_params_log1_6.txt,Parameter_34,Without NN,0.009501,0.000294,0.000139,3.226815, 1.21%, 1.34%
sqc_generat_params_log1_6.txt,Parameter_35,Without NN,0.007350,0.000115,0.000094,2.469916, 1.16%, 1.30%
sqc_generat_params_log1_6.txt,Parameter_36,Without NN,0.006776,0.000150,0.000125,2.312963, 1.42%, 1.17%
sqc_generat_params_log1_6.txt,Parameter_37,Without NN,0.007166,0.000156,0.000083,2.413551, 1.07%, 1.60%
sqc_generat_params_log1_6.txt,Parameter_38,Without NN,0.010872,0.000382,0.000276,3.719855, 1.52%, 1.28%
sqc_generat_params_log1_6.txt,Parameter_39,Without NN,0.006270,0.000094,0.000067,2.108705, 0.95%, 1.22%
sqc_generat_params_log1_6.txt,Parameter_40,Without NN,0.006500,0.000149,0.000091,2.207228, 1.19%, 1.28%
sqc_generat_params_log1_6.txt,Parameter_41,Without NN,0.011723,0.000239,0.000227,3.941813, 1.29%, 1.26%
sqc_generat_params_log1_6.txt,Parameter_42,Without NN,0.008569,0.000324,0.000107,2.897666, 1.12%, 1.20%
sqc_generat_params_log1_6.txt,Parameter_43,Without NN,0.005908,0.000070,0.000080,2.000000, 1.14%, 1.38%
sqc_generat_params_log1_6.txt,Parameter_44,Without NN,0.011074,0.000478,0.000201,3.747388, 1.22%, 1.41%
sqc_generat_params_log1_6.txt,Parameter_45,Without NN,0.009324,0.000331,0.000183,3.206300, 1.42%, 1.59%
sqc_generat_params_log1_6.txt,Parameter_46,Without NN,0.010989,0.000309,0.000258,3.744111, 1.46%, 1.30%
sqc_generat_params_log1_6.txt,Parameter_47,Without NN,0.006042,0.000049,0.000070,2.027613, 0.99%, 1.24%
sqc_generat_params_log1_6.txt,Parameter_48,Without NN,0.012831,0.000307,0.000230,4.312405, 1.18%, 1.25%
sqc_generat_params_log1_6.txt,Parameter_49,Without NN,0.008024,0.000273,0.000098,2.735079, 1.09%, 1.92%
sqc_generat_params_log1_6.txt,Parameter_50,Without NN,0.007339,0.000148,0.000086,2.482259, 0.98%, 1.36%
sqc_generat_params_log1_6.txt,Parameter_51,Without NN,0.014276,0.000670,0.000314,4.883789, 1.24%, 1.50%
sqc_generat_params_log1_6.txt,Parameter_52,Without NN,0.006097,0.000036,0.000048,2.038746, 0.60%, 0.91%
sqc_generat_params_log1_6.txt,Parameter_53,Without NN,0.006341,0.000107,0.000067,2.138420, 0.95%, 1.28%
sqc_generat_params_log1_6.txt,Parameter_54,Without NN,0.007846,0.000292,0.000097,2.703397, 1.08%, 1.91%
sqc_generat_params_log1_6.txt,Parameter_55,Without NN,0.007274,0.000134,0.000124,2.465741, 1.30%, 1.37%
sqc_generat_params_log1_6.txt,Parameter_56,Without NN,0.010507,0.000390,0.000161,3.557852, 1.17%, 1.27%
sqc_generat_params_log1_6.txt,Parameter_57,Without NN,0.009219,0.000236,0.000187,3.129189, 1.36%, 1.41%
sqc_generat_params_log1_6.txt,Parameter_58,Without NN,0.010619,0.000514,0.000266,3.656216, 1.50%, 1.74%
sqc_generat_params_log1_6.txt,Parameter_59,Without NN,0.010926,0.000499,0.000388,3.840637, 1.80%, 1.66%
sqc_generat_params_log1_6.txt,Parameter_60,Without NN,0.013959,0.000332,0.000250,4.708675, 1.12%, 1.60%
sqc_generat_params_log1_6.txt,Parameter_61,Without NN,0.006716,0.000086,0.000087,2.273099, 1.16%, 1.28%
sqc_generat_params_log1_6.txt,Parameter_62,Without NN,0.008158,0.000154,0.000098,2.732431, 1.11%, 1.47%
sqc_generat_params_log1_6.txt,Parameter_63,Without NN,0.020634,0.000938,0.000588,7.033493, 1.17%, 1.24%
sqc_generat_params_log1_6.txt,Parameter_64,Without NN,0.006396,0.000152,0.000075,2.161806, 1.00%, 1.37%
sqc_generat_params_log1_6.txt,Parameter_65,Without NN,0.006499,0.000128,0.000087,2.198967, 1.11%, 1.21%
sqc_generat_params_log1_6.txt,Parameter_66,Without NN,0.008355,0.000269,0.000112,2.822182, 1.17%, 1.95%
sqc_generat_params_log1_6.txt,Parameter_67,Without NN,0.013122,0.000386,0.000250,4.431649, 1.21%, 1.52%
sqc_generat_params_log1_6.txt,Parameter_68,Without NN,0.006630,0.000170,0.000149,2.289453, 1.68%, 1.62%
sqc_generat_params_log1_6.txt,Parameter_69,Without NN,0.006311,0.000121,0.000058,2.126565, 0.76%, 1.25%
sqc_generat_params_log1_6.txt,Parameter_70,Without NN,0.008530,0.000193,0.000119,2.872888, 1.21%, 1.51%
sqc_generat_params_log1_6.txt,Parameter_71,Without NN,0.011842,0.000446,0.000234,4.019850, 1.23%, 1.50%
sqc_generat_params_log1_6.txt,Parameter_72,Without NN,0.012570,0.000243,0.000236,4.227941, 1.21%, 1.35%
sqc_generat_params_log1_6.txt,Parameter_73,Without NN,0.014748,0.000492,0.000365,5.002466, 1.25%, 1.43%
sqc_generat_params_log1_6.txt,Parameter_74,Without NN,0.007038,0.000221,0.000099,2.384158, 1.25%, 1.34%
sqc_generat_params_log1_6.txt,Parameter_75,Without NN,0.015095,0.000370,0.000320,5.092391, 1.17%, 1.42%
sqc_generat_params_log1_6.txt,Parameter_76,Without NN,0.006159,0.000068,0.000060,2.068077, 0.80%, 1.07%
sqc_generat_params_log1_6.txt,Parameter_77,Without NN,0.006142,0.000095,0.000062,2.074806, 0.87%, 1.14%
sqc_generat_params_log1_6.txt,Parameter_78,Without NN,0.009705,0.000154,0.000171,3.280693, 1.33%, 1.48%
sqc_generat_params_log1_6.txt,Parameter_79,Without NN,0.009036,0.000168,0.000148,3.057691, 1.29%, 1.24%
sqc_generat_params_log1_6.txt,Parameter_80,Without NN,0.014509,0.000305,0.000285,4.887348, 1.13%, 1.24%
sqc_generat_params_log1_6.txt,Parameter_81,Without NN,0.006304,0.000061,0.000064,2.109357, 0.90%, 1.38%
sqc_generat_params_log1_6.txt,Parameter_82,Without NN,0.007653,0.000161,0.000156,2.609064, 1.54%, 1.57%
sqc_generat_params_log1_6.txt,Parameter_83,Without NN,0.008480,0.000291,0.000137,2.897426, 1.29%, 1.66%
sqc_generat_params_log1_6.txt,Parameter_84,Without NN,0.011332,0.000386,0.000203,3.887493, 1.25%, 1.97%
sqc_generat_params_log1_6.txt,Parameter_85,Without NN,0.006305,0.000121,0.000058,2.123522, 0.76%, 1.24%
sqc_generat_params_log1_6.txt,Parameter_86,Without NN,0.013610,0.000410,0.000340,4.598783, 1.29%, 1.47%
sqc_generat_params_log1_6.txt,Parameter_87,Without NN,0.006511,0.000139,0.000134,2.235926, 1.57%, 1.36%
sqc_generat_params_log1_6.txt,Parameter_88,Without NN,0.005980,0.000047,0.000063,2.006253, 0.88%, 0.98%
sqc_generat_params_log1_6.txt,Parameter_89,Without NN,0.007552,0.000234,0.000079,2.553574, 1.01%, 1.28%
sqc_generat_params_log1_6.txt,Parameter_90,Without NN,0.012837,0.000430,0.000282,4.368653, 1.31%, 1.34%
sqc_generat_params_log1_6.txt,Parameter_91,Without NN,0.007822,0.000114,0.000078,2.618535, 1.00%, 1.24%
sqc_generat_params_log1_6.txt,Parameter_92,Without NN,0.010763,0.000349,0.000197,3.664184, 1.28%, 1.69%
sqc_generat_params_log1_6.txt,Parameter_93,Without NN,0.012454,0.000322,0.000233,4.204627, 1.15%, 1.24%
sqc_generat_params_log1_6.txt,Parameter_94,Without NN,0.007305,0.000155,0.000112,2.472621, 1.29%, 1.20%
sqc_generat_params_log1_6.txt,Parameter_95,Without NN,0.006460,0.000058,0.000080,2.176024, 1.10%, 1.27%
sqc_generat_params_log1_6.txt,Parameter_96,Without NN,0.006531,0.000122,0.000065,2.192238, 0.92%, 1.20%
sqc_generat_params_log1_6.txt,Parameter_97,Without NN,0.009026,0.000250,0.000158,3.062270, 1.35%, 1.43%
sqc_generat_params_log1_6.txt,Parameter_98,Without NN,0.007634,0.000167,0.000124,2.588124, 1.27%, 1.18%
sqc_generat_params_log1_6.txt,Parameter_99,Without NN,0.006238,0.000056,0.000070,2.094873, 0.97%, 0.95%
sqc_generat_params_log1_6.txt,Parameter_100,Without NN,0.007032,0.000180,0.000077,2.379518, 0.95%, 1.35%
sqc_generat_params_log1_6.txt,Parameter_101,Without NN,0.012710,0.000332,0.000276,4.296802, 1.26%, 1.34%
sqc_generat_params_log1_6.txt,Parameter_102,Without NN,0.017376,0.000495,0.000515,5.918324, 1.27%, 1.55%
sqc_generat_params_log1_6.txt,Parameter_103,Without NN,0.007996,0.000115,0.000111,2.690336, 1.22%, 1.30%
sqc_generat_params_log1_6.txt,Parameter_104,Without NN,0.005980,0.000063,0.000078,2.012216, 1.10%, 1.43%
sqc_generat_params_log1_6.txt,Parameter_105,Without NN,0.012537,0.000521,0.000256,4.356617, 1.28%, 1.64%
sqc_generat_params_log1_6.txt,Parameter_106,Without NN,0.018359,0.001623,0.000701,6.417663, 1.43%, 1.58%
sqc_generat_params_log1_6.txt,Parameter_107,Without NN,0.012926,0.000242,0.000223,4.340486, 1.15%, 1.20%
sqc_generat_params_log1_6.txt,Parameter_108,Without NN,0.010825,0.000445,0.000193,3.697238, 1.19%, 1.50%
sqc_generat_params_log1_6.txt,Parameter_109,Without NN,0.015267,0.000810,0.000483,5.333465, 1.43%, 1.78%
sqc_generat_params_log1_6.txt,Parameter_110,Without NN,0.007903,0.000207,0.000160,2.698733, 1.42%, 1.32%
sqc_generat_params_log1_6.txt,Parameter_111,Without NN,0.008005,0.000142,0.000091,2.692871, 1.08%, 1.49%
sqc_generat_params_log1_6.txt,Parameter_112,Without NN,0.009737,0.000157,0.000126,3.264300, 1.13%, 1.55%
sqc_generat_params_log1_6.txt,Parameter_113,Without NN,0.023805,0.002169,0.001177,8.355801, 1.44%, 1.50%
sqc_generat_params_log1_6.txt,Parameter_114,Without NN,0.010207,0.000166,0.000163,3.452619, 1.24%, 1.29%
sqc_generat_params_log1_6.txt,Parameter_115,Without NN,0.012126,0.000455,0.000235,4.148794, 1.26%, 1.66%
sqc_generat_params_log1_6.txt,Parameter_116,Without NN,0.010794,0.000257,0.000156,3.633965, 1.15%, 1.41%
sqc_generat_params_log1_6.txt,Parameter_117,Without NN,0.012654,0.000542,0.000481,4.336345, 1.73%, 1.87%
sqc_generat_params_log1_6.txt,Parameter_118,Without NN,0.007266,0.000186,0.000105,2.449954, 1.24%, 1.66%
sqc_generat_params_log1_6.txt,Parameter_119,Without NN,0.006077,0.000044,0.000057,2.040196, 0.79%, 0.64%
sqc_generat_params_log1_6.txt,Parameter_120,Without NN,0.005973,0.000066,0.000058,2.007048, 0.79%, 1.14%
sqc_generat_params_log1_6.txt,Parameter_121,Without NN,0.006227,0.000072,0.000072,2.096380, 1.01%, 1.18%
sqc_generat_params_log1_6.txt,Parameter_122,Without NN,0.006342,0.000074,0.000082,2.133772, 1.09%, 1.19%
sqc_generat_params_log1_6.txt,Parameter_123,Without NN,0.006707,0.000080,0.000085,2.256733, 1.13%, 1.15%
sqc_generat_params_log1_6.txt,Parameter_124,Without NN,0.009097,0.000115,0.000125,3.054816, 1.19%, 1.22%
sqc_generat_params_log1_6.txt,Parameter_125,Without NN,0.007822,0.000216,0.000109,2.656569, 1.10%, 1.53%
sqc_generat_params_log1_6.txt,Parameter_126,Without NN,0.009169,0.000140,0.000133,3.092981, 1.22%, 1.24%
sqc_generat_params_log1_6.txt,Parameter_127,Without NN,0.007819,0.000265,0.000106,2.659767, 1.17%, 1.42%
sqc_generat_params_log1_6.txt,Parameter_128,Without NN,0.006757,0.000100,0.000103,2.290809, 1.27%, 1.04%
sqc_generat_params_log1_6.txt,Parameter_129,Without NN,0.007257,0.000117,0.000082,2.438706, 1.07%, 1.11%
sqc_generat_params_log1_6.txt,Parameter_130,Without NN,0.007628,0.000556,0.000141,2.664897, 1.37%, 1.38%
sqc_generat_params_log1_6.txt,Parameter_131,Without NN,0.005962,0.000108,0.000053,2.000000, 0.70%, 1.26%
sqc_generat_params_log1_6.txt,Parameter_132,Without NN,0.012213,0.000622,0.000300,4.183424, 1.34%, 1.38%
sqc_generat_params_log1_6.txt,Parameter_133,Without NN,0.006478,0.000206,0.000092,2.208003, 1.20%, 1.64%
sqc_generat_params_log1_6.txt,Parameter_134,Without NN,0.012598,0.000528,0.000305,4.311913, 1.37%, 1.46%
sqc_generat_params_log1_6.txt,Parameter_135,Without NN,0.009272,0.000162,0.000119,3.113873, 1.13%, 1.58%
sqc_generat_params_log1_6.txt,Parameter_136,Without NN,0.007256,0.000280,0.000096,2.462440, 1.11%, 1.35%
sqc_generat_params_log1_6.txt,Parameter_137,Without NN,0.005947,0.000076,0.000053,2.001164, 0.70%, 1.32%
sqc_generat_params_log1_6.txt,Parameter_138,Without NN,0.006501,0.000113,0.000065,2.177643, 0.92%, 1.29%
sqc_generat_params_log1_6.txt,Parameter_139,Without NN,0.008951,0.000136,0.000141,3.013937, 1.29%, 1.38%
sqc_generat_params_log1_6.txt,Parameter_140,Without NN,0.013378,0.000558,0.000417,4.602820, 1.52%, 1.40%
sqc_generat_params_log1_6.txt,Parameter_141,Without NN,0.005966,0.000048,0.000045,2.000000, 0.52%, 1.00%
sqc_generat_params_log1_6.txt,Parameter_142,Without NN,0.007155,0.000123,0.000094,2.408756, 1.18%, 1.18%
sqc_generat_params_log1_6.txt,Parameter_143,Without NN,0.008207,0.000264,0.000168,2.810215, 1.42%, 1.41%
sqc_generat_params_log1_6.txt,Parameter_144,Without NN,0.019530,0.000776,0.000675,6.644552, 1.32%, 1.48%
sqc_generat_params_log1_6.txt,Parameter_145,Without NN,0.008621,0.000286,0.000135,2.922609, 1.29%, 1.47%
sqc_generat_params_log1_6.txt,Parameter_146,Without NN,0.011205,0.000258,0.000215,3.781659, 1.30%, 1.37%
sqc_generat_params_log1_6.txt,Parameter_147,Without NN,0.010230,0.000257,0.000172,3.458940, 1.27%, 1.40%
sqc_generat_params_log1_6.txt,Parameter_148,Without NN,0.011603,0.000211,0.000222,3.911185, 1.28%, 1.22%
sqc_generat_params_log1_6.txt,Parameter_149,Without NN,0.006426,0.000116,0.000094,2.183259, 1.24%, 1.25%
sqc_generat_params_log1_6.txt,Parameter_150,Without NN,0.008682,0.000193,0.000118,2.931954, 1.13%, 1.38%
sqc_generat_params_log1_6.txt,Parameter_151,Without NN,0.007433,0.000126,0.000118,2.509228, 1.33%, 1.57%
sqc_generat_params_log1_6.txt,Parameter_152,Without NN,0.011222,0.000301,0.000187,3.798779, 1.21%, 1.50%
sqc_generat_params_log1_6.txt,Parameter_153,Without NN,0.009213,0.000249,0.000154,3.116138, 1.29%, 1.57%
sqc_generat_params_log1_6.txt,Parameter_154,Without NN,0.013616,0.000423,0.000324,4.623670, 1.32%, 1.36%
sqc_generat_params_log1_6.txt,Parameter_155,Without NN,0.007381,0.000104,0.000087,2.486923, 1.11%, 1.11%
sqc_generat_params_log1_6.txt,Parameter_156,Without NN,0.008729,0.000192,0.000097,2.955113, 1.06%, 1.90%
sqc_generat_params_log1_6.txt,Parameter_157,Without NN,0.006431,0.000148,0.000059,2.158190, 0.81%, 1.70%
sqc_generat_params_log1_6.txt,Parameter_158,Without NN,0.006818,0.000081,0.000078,2.287025, 1.06%, 1.16%
sqc_generat_params_log1_6.txt,Parameter_159,Without NN,0.010052,0.000267,0.000162,3.389226, 1.25%, 1.58%
sqc_generat_params_log1_6.txt,Parameter_160,Without NN,0.012463,0.000402,0.000315,4.256744, 1.42%, 1.41%
sqc_generat_params_log1_6.txt,Parameter_161,Without NN,0.007176,0.000343,0.000102,2.472983, 1.20%, 1.67%
sqc_generat_params_log1_6.txt,Parameter_162,Without NN,0.006599,0.000081,0.000065,2.207320, 0.88%, 1.33%
sqc_generat_params_log1_6.txt,Parameter_163,Without NN,0.008586,0.000283,0.000141,2.921983, 1.32%, 1.65%
sqc_generat_params_log1_6.txt,Parameter_164,Without NN,0.015074,0.000469,0.000366,5.106306, 1.23%, 1.43%
sqc_generat_params_log1_6.txt,Parameter_165,Without NN,0.011615,0.000252,0.000258,3.927689, 1.38%, 1.43%
sqc_generat_params_log1_6.txt,Parameter_166,Without NN,0.010730,0.000510,0.000168,3.659940, 1.09%, 1.39%
sqc_generat_params_log1_6.txt,Parameter_167,Without NN,0.010647,0.000241,0.000194,3.601904, 1.30%, 1.42%
sqc_generat_params_log1_6.txt,Parameter_168,Without NN,0.014276,0.000638,0.000336,4.850276, 1.28%, 1.26%
sqc_generat_params_log1_6.txt,Parameter_169,Without NN,0.008843,0.000226,0.000201,3.023433, 1.50%, 1.40%
sqc_generat_params_log1_6.txt,Parameter_170,Without NN,0.008009,0.000197,0.000124,2.710695, 1.23%, 1.47%
sqc_generat_params_log1_6.txt,Parameter_171,Without NN,0.006320,0.000064,0.000078,2.129886, 1.06%, 1.07%
sqc_generat_params_log1_6.txt,Parameter_172,Without NN,0.007665,0.000152,0.000098,2.596799, 1.14%, 1.21%
sqc_generat_params_log1_6.txt,Parameter_173,Without NN,0.009359,0.000164,0.000170,3.173517, 1.33%, 1.47%
sqc_generat_params_log1_6.txt,Parameter_174,Without NN,0.007472,0.000286,0.000101,2.538949, 1.09%, 1.37%
sqc_generat_params_log1_6.txt,Parameter_175,Without NN,0.012352,0.000326,0.000276,4.164920, 1.35%, 1.44%
sqc_generat_params_log1_6.txt,Parameter_176,Without NN,0.006895,0.000259,0.000097,2.377327, 1.21%, 1.63%
sqc_generat_params_log1_6.txt,Parameter_177,Without NN,0.009193,0.000374,0.000146,3.143921, 1.24%, 1.58%
sqc_generat_params_log1_6.txt,Parameter_178,Without NN,0.006326,0.000183,0.000083,2.144926, 1.09%, 1.63%
sqc_generat_params_log1_6.txt,Parameter_179,Without NN,0.007461,0.000294,0.000084,2.556089, 1.00%, 1.52%
sqc_generat_params_log1_6.txt,Parameter_180,Without NN,0.007591,0.000212,0.000115,2.590322, 1.25%, 1.30%
sqc_generat_params_log1_6.txt,Parameter_181,Without NN,0.011877,0.000459,0.000288,4.045605, 1.43%, 1.68%
sqc_generat_params_log1_6.txt,Parameter_182,Without NN,0.008544,0.000379,0.000231,2.986986, 1.71%, 1.55%
sqc_generat_params_log1_6.txt,Parameter_183,Without NN,0.011352,0.000389,0.000268,3.861824, 1.43%, 1.58%
sqc_generat_params_log1_6.txt,Parameter_184,Without NN,0.008217,0.000126,0.000124,2.767749, 1.27%, 1.20%
sqc_generat_params_log1_6.txt,Parameter_185,Without NN,0.010016,0.000205,0.000178,3.386079, 1.32%, 1.06%
sqc_generat_params_log1_6.txt,Parameter_186,Without NN,0.007348,0.000290,0.000136,2.543787, 1.43%, 1.49%
sqc_generat_params_log1_6.txt,Parameter_187,Without NN,0.013975,0.000334,0.000329,4.750381, 1.29%, 1.49%
sqc_generat_params_log1_6.txt,Parameter_188,Without NN,0.010336,0.000292,0.000209,3.514439, 1.28%, 1.49%
sqc_generat_params_log1_6.txt,Parameter_189,Without NN,0.006126,0.000170,0.000084,2.087027, 1.18%, 1.36%
sqc_generat_params_log1_6.txt,Parameter_190,Without NN,0.006240,0.000133,0.000102,2.120831, 1.31%, 1.31%
sqc_generat_params_log1_6.txt,Parameter_191,Without NN,0.011598,0.000346,0.000195,3.920672, 1.20%, 1.29%
sqc_generat_params_log1_6.txt,Parameter_192,Without NN,0.013037,0.000372,0.000292,4.414389, 1.31%, 1.61%
sqc_generat_params_log1_6.txt,Parameter_193,Without NN,0.008282,0.000215,0.000087,2.806288, 0.97%, 1.87%
sqc_generat_params_log1_6.txt,Parameter_194,Without NN,0.006526,0.000129,0.000071,2.216361, 0.96%, 1.18%
sqc_generat_params_log1_6.txt,Parameter_195,Without NN,0.012186,0.000276,0.000252,4.108388, 1.30%, 1.34%
sqc_generat_params_log1_6.txt,Parameter_196,Without NN,0.006140,0.000120,0.000055,2.063248, 0.75%, 1.17%
sqc_generat_params_log1_6.txt,Parameter_197,Without NN,0.006637,0.000114,0.000074,2.244779, 1.03%, 1.23%
sqc_generat_params_log1_6.txt,Parameter_198,Without NN,0.005976,0.000060,0.000052,2.001678, 0.67%, 1.09%
sqc_generat_params_log1_6.txt,Parameter_199,Without NN,0.008136,0.000256,0.000121,2.771555, 1.17%, 1.22%
sqc_generat_params_log1_6.txt,Parameter_200,Without NN,0.006591,0.000202,0.000072,2.225219, 0.92%, 1.15%
sqc_generat_params_log1_6.txt,Parameter_201,Without NN,0.007951,0.000138,0.000116,2.691826, 1.24%, 1.28%
sqc_generat_params_log1_6.txt,Parameter_202,Without NN,0.009476,0.000220,0.000164,3.207599, 1.22%, 1.40%
sqc_generat_params_log1_6.txt,Parameter_203,Without NN,0.010722,0.000284,0.000227,3.638970, 1.38%, 1.22%
sqc_generat_params_log1_6.txt,Parameter_204,Without NN,0.008859,0.000221,0.000105,2.980059, 0.94%, 1.48%
sqc_generat_params_log1_6.txt,Parameter_205,Without NN,0.013062,0.000476,0.000279,4.422349, 1.25%, 1.32%
sqc_generat_params_log1_6.txt,Parameter_206,Without NN,0.016328,0.000913,0.000488,5.657481, 1.35%, 1.64%
sqc_generat_params_log1_6.txt,Parameter_207,Without NN,0.007643,0.000138,0.000083,2.577151, 1.04%, 1.82%
sqc_generat_params_log1_6.txt,Parameter_208,Without NN,0.010107,0.000329,0.000212,3.440924, 1.43%, 1.78%
sqc_generat_params_log1_6.txt,Parameter_209,Without NN,0.012200,0.000649,0.000274,4.186022, 1.34%, 1.69%
sqc_generat_params_log1_6.txt,Parameter_210,Without NN,0.006779,0.000157,0.000120,2.304214, 1.36%, 1.31%
sqc_generat_params_log1_6.txt,Parameter_211,Without NN,0.016485,0.000754,0.000415,5.627430, 1.23%, 1.42%
sqc_generat_params_log1_6.txt,Parameter_212,Without NN,0.007291,0.000232,0.000114,2.468505, 1.30%, 1.82%
sqc_generat_params_log1_6.txt,Parameter_213,Without NN,0.007830,0.000179,0.000107,2.652041, 1.18%, 1.14%
sqc_generat_params_log1_6.txt,Parameter_214,Without NN,0.007045,0.000246,0.000078,2.399799, 1.03%, 1.75%
sqc_generat_params_log1_6.txt,Parameter_215,Without NN,0.010808,0.000304,0.000175,3.646344, 1.21%, 1.27%
sqc_generat_params_log1_6.txt,Parameter_216,Without NN,0.007148,0.000126,0.000063,2.402321, 0.87%, 1.76%
sqc_generat_params_log1_6.txt,Parameter_217,Without NN,0.008121,0.000208,0.000088,2.748164, 1.03%, 1.49%
sqc_generat_params_log1_6.txt,Parameter_218,Without NN,0.014619,0.000537,0.000327,4.962768, 1.21%, 1.31%
sqc_generat_params_log1_6.txt,Parameter_219,Without NN,0.010233,0.000483,0.000195,3.521969, 1.35%, 1.50%
sqc_generat_params_log1_6.txt,Parameter_220,Without NN,0.008793,0.000332,0.000136,2.989906, 1.25%, 1.37%
sqc_generat_params_log1_6.txt,Parameter_221,Without NN,0.007611,0.000147,0.000093,2.558258, 1.13%, 1.67%
sqc_generat_params_log1_6.txt,Parameter_222,Without NN,0.013516,0.000466,0.000378,4.611498, 1.44%, 1.46%
sqc_generat_params_log1_6.txt,Parameter_223,Without NN,0.010983,0.000206,0.000221,3.731942, 1.35%, 1.61%
sqc_generat_params_log1_6.txt,Parameter_224,Without NN,0.014672,0.000458,0.000352,4.946793, 1.27%, 1.67%
sqc_generat_params_log1_6.txt,Parameter_225,Without NN,0.008021,0.000297,0.000121,2.723772, 1.21%, 1.39%
sqc_generat_params_log1_6.txt,Parameter_226,Without NN,0.005961,0.000103,0.000106,2.025813, 1.42%, 1.40%
sqc_generat_params_log1_6.txt,Parameter_227,Without NN,0.006802,0.000077,0.000090,2.305179, 1.18%, 1.05%
sqc_generat_params_log1_6.txt,Parameter_228,Without NN,0.007569,0.000099,0.000103,2.552172, 1.19%, 1.39%
sqc_generat_params_log1_6.txt,Parameter_229,Without NN,0.008652,0.000326,0.000124,2.943474, 1.20%, 1.34%
sqc_generat_params_log1_6.txt,Parameter_230,Without NN,0.014903,0.000512,0.000410,5.071111, 1.36%, 1.37%
sqc_generat_params_log1_6.txt,Parameter_231,Without NN,0.006766,0.000087,0.000085,2.273972, 1.13%, 1.17%
sqc_generat_params_log1_6.txt,Parameter_232,Without NN,0.006634,0.000123,0.000071,2.235014, 0.97%, 1.84%
sqc_generat_params_log1_6.txt,Parameter_233,Without NN,0.008707,0.000360,0.000138,3.041822, 1.20%, 1.60%
sqc_generat_params_log1_6.txt,Parameter_234,Without NN,0.006711,0.000051,0.000063,2.252010, 0.89%, 0.83%
sqc_generat_params_log1_6.txt,Parameter_235,Without NN,0.006462,0.000090,0.000068,2.173157, 0.96%, 1.21%
sqc_generat_params_log1_6.txt,Parameter_236,Without NN,0.008748,0.000205,0.000123,2.948570, 1.21%, 1.22%
sqc_generat_params_log1_6.txt,Parameter_237,Without NN,0.007985,0.000297,0.000119,2.720225, 1.24%, 1.70%
sqc_generat_params_log1_6.txt,Parameter_238,Without NN,0.006136,0.000103,0.000103,2.086024, 1.34%, 1.42%
sqc_generat_params_log1_6.txt,Parameter_239,Without NN,0.007017,0.000100,0.000098,2.363078, 1.22%, 1.31%
sqc_generat_params_log1_6.txt,Parameter_240,Without NN,0.006177,0.000068,0.000057,2.070014, 0.75%, 1.16%
sqc_generat_params_log1_6.txt,Parameter_241,Without NN,0.008529,0.000529,0.000116,2.984715, 1.08%, 1.45%
sqc_generat_params_log1_6.txt,Parameter_242,Without NN,0.007401,0.000210,0.000090,2.506349, 1.00%, 1.46%
sqc_generat_params_log1_6.txt,Parameter_243,Without NN,0.010439,0.000365,0.000174,3.557963, 1.16%, 1.24%
sqc_generat_params_log1_6.txt,Parameter_244,Without NN,0.009482,0.000261,0.000149,3.233669, 1.21%, 1.17%
sqc_generat_params_log1_6.txt,Parameter_245,Without NN,0.014997,0.000953,0.000359,5.169324, 1.23%, 1.41%
sqc_generat_params_log1_6.txt,Parameter_246,Without NN,0.005936,0.000122,0.000059,2.000000, 0.82%, 1.38%
sqc_generat_params_log1_6.txt,Parameter_247,Without NN,0.009623,0.000121,0.000128,3.226110, 1.15%, 1.29%
sqc_generat_params_log1_6.txt,Parameter_248,Without NN,0.011873,0.000409,0.000185,4.031526, 1.14%, 1.53%
sqc_generat_params_log1_6.txt,Parameter_249,Without NN,0.011505,0.000249,0.000179,3.902580, 1.16%, 1.67%
sqc_generat_params_log1_6.txt,Parameter_250,Without NN,0.008428,0.000170,0.000119,2.838396, 1.10%, 1.25%
sqc_generat_params_log1_6.txt,Parameter_251,Without NN,0.008402,0.000177,0.000104,2.845188, 1.00%, 1.22%
sqc_generat_params_log1_6.txt,Parameter_252,Without NN,0.008016,0.000164,0.000097,2.702827, 1.12%, 1.62%
sqc_generat_params_log1_6.txt,Parameter_253,Without NN,0.011113,0.000884,0.000254,3.855153, 1.36%, 1.29%
sqc_generat_params_log1_6.txt,Parameter_254,Without NN,0.006902,0.000181,0.000074,2.335097, 0.91%, 1.30%
sqc_generat_params_log1_6.txt,Parameter_255,Without NN,0.010147,0.000258,0.000138,3.431902, 1.01%, 1.46%
sqc_generat_params_log1_6.txt,Parameter_256,Without NN,0.006426,0.000061,0.000065,2.151552, 0.90%, 1.19%
sqc_generat_params_log1_6.txt,Parameter_257,Without NN,0.010857,0.000452,0.000193,3.711843, 1.25%, 1.65%
sqc_generat_params_log1_6.txt,Parameter_258,Without NN,0.011354,0.000382,0.000220,3.864674, 1.24%, 1.76%
sqc_generat_params_log1_6.txt,Parameter_259,Without NN,0.005982,0.000058,0.000048,2.001675, 0.58%, 1.06%
sqc_generat_params_log1_6.txt,Parameter_260,Without NN,0.005975,0.000058,0.000051,2.000000, 0.65%, 1.19%
sqc_generat_params_log1_6.txt,Parameter_261,Without NN,0.012794,0.000440,0.000329,4.344696, 1.42%, 1.51%
sqc_generat_params_log1_6.txt,Parameter_262,Without NN,0.007359,0.000182,0.000073,2.473809, 0.97%, 1.37%
sqc_generat_params_log1_6.txt,Parameter_263,Without NN,0.006198,0.000050,0.000064,2.077478, 0.85%, 1.27%
sqc_generat_params_log1_6.txt,Parameter_264,Without NN,0.005996,0.000037,0.000044,2.000000, 0.48%, 1.00%
sqc_generat_params_log1_6.txt,Parameter_265,Without NN,0.009849,0.000224,0.000173,3.327125, 1.25%, 1.43%
sqc_generat_params_log1_6.txt,Parameter_266,Without NN,0.011098,0.000795,0.000197,4.107305, 1.25%, 1.36%
sqc_generat_params_log1_6.txt,Parameter_267,Without NN,0.008179,0.000102,0.000106,2.741578, 1.17%, 1.39%
sqc_generat_params_log1_6.txt,Parameter_268,Without NN,0.006114,0.000146,0.000050,2.059230, 0.66%, 1.10%
sqc_generat_params_log1_6.txt,Parameter_269,Without NN,0.007884,0.000306,0.000136,2.719178, 1.34%, 1.84%
sqc_generat_params_log1_6.txt,Parameter_270,Without NN,0.009020,0.000266,0.000098,3.039359, 0.88%, 1.35%
sqc_generat_params_log1_6.txt,Parameter_271,Without NN,0.009851,0.000151,0.000127,3.304547, 1.11%, 1.29%
sqc_generat_params_log1_6.txt,Parameter_272,Without NN,0.011755,0.000252,0.000226,3.968505, 1.24%, 1.40%
sqc_generat_params_log1_6.txt,Parameter_273,Without NN,0.015726,0.001282,0.000382,5.541059, 1.23%, 1.25%
sqc_generat_params_log1_6.txt,Parameter_274,Without NN,0.006350,0.000063,0.000066,2.128691, 0.88%, 1.23%
sqc_generat_params_log1_6.txt,Parameter_275,Without NN,0.013595,0.000273,0.000252,4.570974, 1.14%, 1.30%
sqc_generat_params_log1_6.txt,Parameter_276,Without NN,0.011914,0.000336,0.000174,4.022205, 1.04%, 1.15%
sqc_generat_params_log1_6.txt,Parameter_277,Without NN,0.009842,0.000578,0.000157,3.541788, 1.25%, 1.20%
sqc_generat_params_log1_6.txt,Parameter_278,Without NN,0.007859,0.000326,0.000076,2.619528, 0.98%, 1.29%
sqc_generat_params_log1_6.txt,Overall,Without NN,0.009205,0.000271,0.000163,3.125921
,Without NN_std,,0.002997,0.000232,,
,Without NN_rsd,,0.33%,0.86%,,

